year4,sample_date,larger_group,avg.bodymass_ug,biomass_ugL,avg.bodymass_g,biomass_gL,biomass_g.m3,biomass_g.per_m2,biomass_g.perhec
2001,1/25/2001,CLADOCERA,3.5718960405,12.940386105,3.5718960405e-6,1.2940386105e-5,0.012940386105,0.43997312757,4399.7312757
2001,1/25/2001,COPEPODA,3.7544614414,42.758248326,3.7544614414000003e-6,4.2758248326e-5,0.042758248326000003,1.4537804430840002,14537.804430840002
2001,1/25/2001,ROTIFERA,0.07985117800000001,2.60459264,7.985117800000002e-8,2.60459264e-6,0.00260459264,0.08855614976,885.5614975999999
2001,10/18/2001,CLADOCERA,2.69665712125,32.204769581,2.69665712125e-6,3.2204769581e-5,0.032204769581,1.094962165754,10949.62165754
2001,10/18/2001,COPEPODA,3.879994185,58.328696126000004,3.8799941850000005e-6,5.8328696126000005e-5,0.05832869612600001,1.9831756682840003,19831.75668284
2001,10/18/2001,ROTIFERA,0.07206032864285715,1.884242708,7.206032864285715e-8,1.884242708e-6,0.001884242708,0.06406425207199999,640.6425207199999
2001,11/14/2001,CLADOCERA,2.615535683,101.932557962,2.615535683e-6,1.0193255796200001e-4,0.101932557962,3.465706970708,34657.06970708
2001,11/14/2001,COPEPODA,3.566380735,115.088024492,3.566380735e-6,1.15088024492e-4,0.11508802449200001,3.9129928327280004,39129.92832728
2001,11/14/2001,ROTIFERA,0.01652055,1.9674239,1.6520549999999998e-8,1.9674239e-6,0.0019674238999999997,0.06689241259999999,668.9241259999999
2001,2/27/2001,CLADOCERA,4.5322672189999995,5.438720663,4.5322672189999996e-6,5.438720662999999e-6,0.005438720663,0.18491650254199998,1849.1650254199997
2001,2/27/2001,COPEPODA,3.879994185,32.533742027,3.8799941850000005e-6,3.2533742027e-5,0.032533742027,1.1061472289179999,11061.472289179997
2001,2/27/2001,ROTIFERA,0.13608698857142856,2.405041892,1.3608698857142857e-7,2.4050418919999998e-6,0.0024050418919999996,0.08177142432799998,817.7142432799998
2001,4/6/2001,CLADOCERA,4.5322672189999995,15.750129415,4.5322672189999996e-6,1.5750129415e-5,0.015750129415,0.53550440011,5355.0440011
2001,4/6/2001,COPEPODA,3.3757748267500003,17.880897244,3.37577482675e-6,1.7880897244e-5,0.017880897244,0.607950506296,6079.50506296
2001,4/6/2001,ROTIFERA,0.11016960222222223,0.736118202,1.1016960222222223e-7,7.36118202e-7,7.36118202e-4,0.025028018867999997,250.28018867999995
2001,5/17/2001,CLADOCERA,4.5322672189999995,25.721117296,4.5322672189999996e-6,2.5721117296e-5,0.025721117296,0.874517988064,8745.17988064
2001,5/17/2001,COPEPODA,2.39588869975,68.80589508199999,2.39588869975e-6,6.880589508199999e-5,0.068805895082,2.339400432788,23394.00432788
2001,5/17/2001,ROTIFERA,0.09726586833333334,10.478160364,9.726586833333334e-8,1.0478160364000001e-5,0.010478160364,0.35625745237600004,3562.5745237600004
2001,5/2/2001,CLADOCERA,5.923076855,13.03076908,5.923076855e-6,1.3030769080000001e-5,0.01303076908,0.44304614872000003,4430.4614872
2001,5/2/2001,COPEPODA,1.6469000543333334,13.543454233,1.6469000543333333e-6,1.3543454233e-5,0.013543454233,0.46047744392199996,4604.774439219999
2001,5/2/2001,ROTIFERA,0.021586,0.7152491,2.1586000000000002e-8,7.152491e-7,7.152491e-4,0.0243184694,243.184694
2001,5/30/2001,CLADOCERA,3.255783135333333,25.900628182000002,3.255783135333333e-6,2.5900628182e-5,0.025900628182,0.880621358188,8806.21358188
2001,5/30/2001,COPEPODA,2.3857092476,117.45927568799999,2.3857092476e-6,1.1745927568799999e-4,0.11745927568799999,3.9936153733919997,39936.15373391999
2001,5/30/2001,ROTIFERA,0.0714776235882353,18.031539449,7.14776235882353e-8,1.8031539449e-5,0.018031539449,0.613072341266,6130.72341266
2001,6/14/2001,CLADOCERA,4.5303054492,211.842636876,4.5303054492e-6,2.11842636876e-4,0.211842636876,7.2026496537839995,72026.49653784
2001,6/14/2001,COPEPODA,3.7713017806,126.899399419,3.7713017806e-6,1.26899399419e-4,0.126899399419,4.314579580246,43145.795802459994
2001,6/14/2001,ROTIFERA,0.06865192636842106,12.494995099,6.865192636842106e-8,1.2494995099e-5,0.012494995099000001,0.42482983336600005,4248.29833366
2001,6/27/2001,CLADOCERA,4.001518624666667,76.581933811,4.001518624666667e-6,7.658193381099999e-5,0.076581933811,2.603785749574,26037.857495739998
2001,6/27/2001,COPEPODA,2.39588869975,35.074574853,2.39588869975e-6,3.5074574853e-5,0.035074574853,1.192535545002,11925.35545002
2001,6/27/2001,ROTIFERA,0.07427995117647058,5.0407118760000005,7.427995117647059e-8,5.040711876e-6,0.005040711876,0.171384203784,1713.8420378399999
2001,7/26/2001,CLADOCERA,2.9800074586,17.247008341,2.9800074586e-6,1.7247008341000002e-5,0.017247008341000004,0.5863982835940001,5863.982835940001
2001,7/26/2001,COPEPODA,3.1206562028000002,59.190614067,3.1206562028000004e-6,5.9190614067e-5,0.059190614067,2.012480878278,20124.80878278
2001,7/26/2001,ROTIFERA,0.023670025352941177,1.249317084,2.3670025352941176e-8,1.249317084e-6,0.0012493170839999999,0.042476780856,424.76780856
2001,8/22/2001,CLADOCERA,2.2723314093333333,14.251585554,2.2723314093333335e-6,1.4251585554e-5,0.014251585554,0.48455390883599997,4845.539088359999
2001,8/22/2001,COPEPODA,3.0305350023333335,18.965340481,3.0305350023333335e-6,1.8965340480999998e-5,0.018965340480999997,0.644821576354,6448.215763539999
2001,8/22/2001,ROTIFERA,0.07380478722222222,1.444666602,7.380478722222222e-8,1.444666602e-6,0.001444666602,0.049118664468,491.18664468
2001,9/19/2001,CLADOCERA,2.7048321815,10.53044559,2.7048321815000002e-6,1.053044559e-5,0.01053044559,0.35803515006,3580.3515006
2001,9/19/2001,COPEPODA,3.894576090166667,119.652467444,3.894576090166667e-6,1.19652467444e-4,0.119652467444,4.068183893096,40681.83893096
2001,9/19/2001,ROTIFERA,0.075107698125,1.706138111,7.5107698125e-8,1.706138111e-6,0.0017061381109999998,0.058008695773999995,580.0869577399999
2002,10/8/2002,CLADOCERA,5.0407383582,21.828241518,5.040738358199999e-6,2.1828241517999998e-5,0.021828241518,0.742160211612,7421.60211612
2002,10/8/2002,COPEPODA,2.99538555,41.100702181,2.99538555e-6,4.1100702181e-5,0.041100702181,1.3974238741540002,13974.23874154
2002,10/8/2002,ROTIFERA,0.01844988792857143,0.931186409,1.844988792857143e-8,9.31186409e-7,9.31186409e-4,0.031660337906,316.60337906
2002,11/6/2002,CLADOCERA,2.9957647266666667,55.44755349,2.9957647266666665e-6,5.544755349e-5,0.05544755349,1.88521681866,18852.1681866
2002,11/6/2002,COPEPODA,4.027613359666667,92.031502787,4.027613359666667e-6,9.2031502787e-5,0.092031502787,3.129071094758,31290.710947579995
2002,11/6/2002,ROTIFERA,0.02149734375,2.0921928,2.149734375e-8,2.0921927999999998e-6,0.0020921928,0.0711345552,711.345552
2002,2/25/2002,CLADOCERA,3.141457583,14.13655912,3.1414575830000003e-6,1.4136559119999999e-5,0.014136559119999998,0.48064301007999993,4806.430100799999
2002,2/25/2002,COPEPODA,3.879994185,92.831051749,3.8799941850000005e-6,9.2831051749e-5,0.092831051749,3.156255759466,31562.55759466
2002,2/25/2002,ROTIFERA,0.08308026307692308,4.137361128,8.308026307692309e-8,4.137361128e-6,0.004137361128,0.14067027835200002,1406.7027835200001
2002,4/26/2002,COPEPODA,3.879994185,80.534247502,3.8799941850000005e-6,8.0534247502e-5,0.080534247502,2.738164415068,27381.644150679997
2002,4/26/2002,ROTIFERA,0.0898201476923077,2.3955098120000002,8.98201476923077e-8,2.395509812e-6,0.0023955098120000003,0.08144733360800001,814.4733360800001
2002,5/21/2002,CLADOCERA,5.923076855,13.03076908,5.923076855e-6,1.3030769080000001e-5,0.01303076908,0.44304614872000003,4430.4614872
2002,5/21/2002,COPEPODA,3.365783988,242.8834508,3.365783988e-6,2.428834508e-4,0.2428834508,8.2580373272,82580.373272
2002,5/21/2002,ROTIFERA,0.07618486294117648,12.477886230000001,7.618486294117647e-8,1.247788623e-5,0.01247788623,0.42424813182000004,4242.4813182
2002,6/19/2002,CLADOCERA,3.3419410679999997,41.747412412,3.3419410679999996e-6,4.1747412412e-5,0.041747412412,1.419412022008,14194.12022008
2002,6/19/2002,COPEPODA,3.5335452247142856,83.04900972899999,3.5335452247142854e-6,8.304900972899999e-5,0.08304900972899999,2.8236663307859997,28236.663307859995
2002,6/19/2002,ROTIFERA,0.02108118175,2.666299716,2.108118175e-8,2.666299716e-6,0.002666299716,0.090654190344,906.54190344
2002,7/15/2002,CLADOCERA,4.2299824002,81.01763885999999,4.2299824001999996e-6,8.101763885999999e-5,0.08101763885999999,2.7545997212399995,27545.997212399994
2002,7/15/2002,COPEPODA,3.5335452247142856,94.159369583,3.5335452247142854e-6,9.4159369583e-5,0.094159369583,3.2014185658220002,32014.18565822
2002,7/15/2002,ROTIFERA,0.08290336435714286,3.531379111,8.290336435714286e-8,3.5313791110000003e-6,0.0035313791110000003,0.12006688977400001,1200.6688977400001
2002,8/13/2002,CLADOCERA,3.74431938775,36.920590078000004,3.7443193877500002e-6,3.6920590078000004e-5,0.036920590078000005,1.2553000626520001,12553.00062652
2002,8/13/2002,COPEPODA,3.398615427875,85.753838293,3.398615427875e-6,8.5753838293e-5,0.085753838293,2.915630501962,29156.30501962
2002,8/13/2002,ROTIFERA,0.0742963969375,3.0228479839999998,7.42963969375e-8,3.0228479839999997e-6,0.0030228479839999995,0.10277683145599999,1027.76831456
2002,9/11/2002,CLADOCERA,4.295069436,19.187077214,4.295069436e-6,1.9187077214e-5,0.019187077214,0.6523606252759999,6523.606252759999
2002,9/11/2002,COPEPODA,3.5517692921666666,71.606723642,3.5517692921666665e-6,7.1606723642e-5,0.071606723642,2.434628603828,24346.28603828
2002,9/11/2002,ROTIFERA,0.06462386421052632,1.679912102,6.462386421052633e-8,1.679912102e-6,0.001679912102,0.057117011468,571.17011468
2003,10/15/2003,CLADOCERA,3.7696651946666666,51.569040564999995,3.7696651946666664e-6,5.1569040564999995e-5,0.051569040564999995,1.7533473792099998,17533.473792099998
2003,10/15/2003,COPEPODA,3.655720526375,45.383216668,3.6557205263750002e-6,4.5383216668000004e-5,0.045383216668000007,1.5430293667120003,15430.293667120002
2003,10/15/2003,ROTIFERA,0.019446058823529414,1.5059893500000001,1.9446058823529414e-8,1.5059893500000002e-6,0.0015059893500000002,0.05120363790000001,512.036379
2003,11/21/2003,CLADOCERA,6.542806993499999,32.354737542,6.542806993499999e-6,3.2354737542e-5,0.032354737542,1.100061076428,11000.61076428
2003,11/21/2003,COPEPODA,3.4383425880000003,28.733133064,3.438342588e-6,2.8733133064e-5,0.028733133064,0.976926524176,9769.26524176
2003,11/21/2003,ROTIFERA,0.0173959644375,0.811963734,1.7395964437500002e-8,8.11963734e-7,8.11963734e-4,0.027606766956,276.06766955999996
2003,3/11/2003,CLADOCERA,3.141457583,4.398040616,3.1414575830000003e-6,4.398040616e-6,0.004398040616,0.14953338094399998,1495.3338094399999
2003,3/11/2003,COPEPODA,3.879994185,81.907750692,3.8799941850000005e-6,8.190775069199999e-5,0.08190775069199999,2.7848635235279997,27848.635235279995
2003,3/11/2003,ROTIFERA,0.078094028,2.292788514,7.8094028e-8,2.2927885140000004e-6,0.002292788514,0.077954809476,779.54809476
2003,5/1/2003,CLADOCERA,3.141457583,2.513166066,3.1414575830000003e-6,2.5131660660000003e-6,0.0025131660660000004,0.08544764624400002,854.4764624400001
2003,5/1/2003,COPEPODA,3.894576090166667,91.243025805,3.894576090166667e-6,9.1243025805e-5,0.091243025805,3.1022628773700003,31022.628773700002
2003,5/1/2003,ROTIFERA,0.07573190705882353,6.514586814,7.573190705882353e-8,6.514586814e-6,0.006514586814,0.221495951676,2214.95951676
2003,5/29/2003,CLADOCERA,3.4424209759999997,14.502242526,3.4424209759999997e-6,1.4502242526e-5,0.014502242525999999,0.49307624588399995,4930.7624588399995
2003,5/29/2003,COPEPODA,2.39588869975,87.28531975499999,2.39588869975e-6,8.728531975499999e-5,0.087285319755,2.96770087167,29677.0087167
2003,5/29/2003,ROTIFERA,0.07771315125,8.218011938,7.771315125e-8,8.218011938e-6,0.008218011938,0.279412405892,2794.1240589199997
2003,6/24/2003,CLADOCERA,3.6421211615,91.318782661,3.6421211615e-6,9.1318782661e-5,0.09131878266099999,3.104838610474,31048.386104739995
2003,6/24/2003,COPEPODA,4.162151964625,140.899947693,4.162151964625e-6,1.40899947693e-4,0.140899947693,4.790598221562,47905.982215619995
2003,6/24/2003,ROTIFERA,0.07865091133333334,10.056347941,7.865091133333334e-8,1.0056347941e-5,0.010056347941,0.341915829994,3419.15829994
2003,7/22/2003,CLADOCERA,5.0107425973333335,28.71988662,5.010742597333333e-6,2.871988662e-5,0.02871988662,0.97647614508,9764.7614508
2003,7/22/2003,COPEPODA,3.336767498,75.967267039,3.336767498e-6,7.5967267039e-5,0.075967267039,2.582887079326,25828.870793259997
2003,7/22/2003,ROTIFERA,0.02142504864285714,3.002826614,2.142504864285714e-8,3.002826614e-6,0.0030028266140000003,0.10209610487600002,1020.9610487600002
2003,8/19/2003,CLADOCERA,4.1368318935,24.262260203,4.1368318935000005e-6,2.4262260203e-5,0.024262260203,0.824916846902,8249.16846902
2003,8/19/2003,COPEPODA,3.5335452247142856,85.671062867,3.5335452247142854e-6,8.5671062867e-5,0.085671062867,2.9128161374780004,29128.161374780004
2003,8/19/2003,ROTIFERA,0.021704216529411763,2.129676357,2.170421652941176e-8,2.1296763570000002e-6,0.0021296763570000004,0.07240899613800002,724.0899613800001
2003,9/22/2003,CLADOCERA,4.3808344522,28.812195094,4.3808344522e-6,2.8812195094e-5,0.028812195094,0.9796146331960001,9796.14633196
2003,9/22/2003,COPEPODA,3.941229255090909,92.04240987899999,3.941229255090909e-6,9.204240987899999e-5,0.09204240987899999,3.1294419358859997,31294.419358859996
2003,9/22/2003,ROTIFERA,0.019869816666666668,1.518081625,1.9869816666666667e-8,1.518081625e-6,0.001518081625,0.05161477525,516.1477525
2004,10/14/2004,CLADOCERA,5.5577425284999995,33.315150998,5.5577425285e-6,3.3315150998e-5,0.033315150998000004,1.132715133932,11327.15133932
2004,10/14/2004,COPEPODA,4.027613359666667,60.982782063,4.027613359666667e-6,6.0982782063e-5,0.060982782063,2.073414590142,20734.145901419997
2004,10/14/2004,ROTIFERA,0.0707987734,1.813456701,7.07987734e-8,1.813456701e-6,0.001813456701,0.061657527834,616.57527834
2004,11/10/2004,CLADOCERA,4.2673008585,34.728806232,4.2673008584999995e-6,3.4728806231999995e-5,0.034728806232,1.180779411888,11807.79411888
2004,11/10/2004,COPEPODA,3.7544614414,45.228615639,3.7544614414000003e-6,4.5228615639e-5,0.045228615639,1.537772931726,15377.72931726
2004,11/10/2004,ROTIFERA,0.06947518647058824,1.013522576,6.947518647058824e-8,1.0135225759999999e-6,0.0010135225759999999,0.034459767583999996,344.59767583999997
2004,2/16/2004,CLADOCERA,3.141457583,9.738518507,3.1414575830000003e-6,9.738518507e-6,0.009738518506999999,0.33110962923799997,3311.0962923799993
2004,2/16/2004,COPEPODA,3.566380735,44.376560699,3.566380735e-6,4.4376560699e-5,0.044376560699000006,1.5088030637660002,15088.03063766
2004,2/16/2004,ROTIFERA,0.07639061133333333,1.584479961,7.639061133333333e-8,1.584479961e-6,0.001584479961,0.053872318674000004,538.72318674
2004,4/28/2004,CLADOCERA,4.002334498,1.2007003489999999,4.002334497999999e-6,1.2007003489999999e-6,0.001200700349,0.040823811866,408.23811866
2004,4/28/2004,COPEPODA,2.4096337623333333,21.152198543,2.4096337623333334e-6,2.1152198543e-5,0.021152198543,0.719174750462,7191.74750462
2004,4/28/2004,ROTIFERA,0.028505,0.7588966,2.8505e-8,7.588966e-7,7.588966e-4,0.0258024844,258.024844
2004,5/26/2004,CLADOCERA,3.255783135333333,6.596652654000001,3.255783135333333e-6,6.596652654e-6,0.006596652654000001,0.22428619023600002,2242.86190236
2004,5/26/2004,COPEPODA,2.39588869975,99.266999087,2.39588869975e-6,9.9266999087e-5,0.099266999087,3.375077968958,33750.77968958
2004,5/26/2004,ROTIFERA,0.08118791133333333,14.518066502,8.118791133333333e-8,1.4518066502e-5,0.014518066502,0.493614261068,4936.14261068
2004,6/23/2004,CLADOCERA,4.395324364571429,82.947793756,4.395324364571429e-6,8.294779375599999e-5,0.08294779375599999,2.8202249877039995,28202.249877039994
2004,6/23/2004,COPEPODA,3.743450401,83.145984433,3.743450401e-6,8.314598443299999e-5,0.08314598443299999,2.8269634707219997,28269.634707219997
2004,6/23/2004,ROTIFERA,0.06141563904761905,10.856124730000001,6.141563904761905e-8,1.085612473e-5,0.010856124730000001,0.36910824082000004,3691.0824082000004
2004,7/20/2004,CLADOCERA,5.4871780695,35.653382824,5.4871780695e-6,3.5653382824e-5,0.035653382824,1.212215016016,12122.150160159998
2004,7/20/2004,COPEPODA,2.99538555,45.809028358,2.99538555e-6,4.5809028358e-5,0.045809028358,1.557506964172,15575.06964172
2004,7/20/2004,ROTIFERA,0.023049075315789473,2.800930887,2.3049075315789474e-8,2.8009308869999996e-6,0.0028009308869999996,0.09523165015799999,952.3165015799998
2004,8/19/2004,CLADOCERA,4.1406989495,28.266820626,4.1406989495e-6,2.8266820626e-5,0.028266820626,0.961071901284,9610.71901284
2004,8/19/2004,COPEPODA,4.258198209,47.364398630000004,4.258198209e-6,4.7364398630000004e-5,0.047364398630000006,1.6103895534200001,16103.8955342
2004,8/19/2004,ROTIFERA,0.022727746166666667,0.786807084,2.2727746166666668e-8,7.86807084e-7,7.86807084e-4,0.026751440856,267.51440856
2004,9/21/2004,CLADOCERA,4.1368318935,83.36523957499999,4.1368318935000005e-6,8.336523957499999e-5,0.08336523957499999,2.8344181455499995,28344.181455499995
2004,9/21/2004,COPEPODA,3.926775128777778,150.77617291800001,3.926775128777778e-6,1.5077617291800002e-4,0.15077617291800002,5.126389879212001,51263.89879212
2004,9/21/2004,ROTIFERA,0.07396084823529411,2.288825602,7.396084823529411e-8,2.2888256020000003e-6,0.002288825602,0.077820070468,778.2007046800001
2005,10/7/2005,CLADOCERA,3.565438027,29.538079213,3.5654380269999998e-6,2.9538079213e-5,0.029538079213,1.004294693242,10042.94693242
2005,10/7/2005,COPEPODA,3.923221149,95.113787172,3.923221149e-6,9.5113787172e-5,0.095113787172,3.233868763848,32338.68763848
2005,10/7/2005,ROTIFERA,0.08078297642857143,1.331338477,8.078297642857143e-8,1.331338477e-6,0.0013313384769999999,0.045265508217999996,452.65508217999997
2005,11/14/2005,CLADOCERA,3.1859300228,41.094549056000005,3.1859300228e-6,4.1094549056e-5,0.041094549056000004,1.397214667904,13972.146679039999
2005,11/14/2005,COPEPODA,4.212977593833333,103.539751705,4.2129775938333335e-6,1.03539751705e-4,0.103539751705,3.52035155797,35203.5155797
2005,11/14/2005,ROTIFERA,0.023856222222222223,1.7328559,2.3856222222222224e-8,1.7328558999999999e-6,0.0017328558999999998,0.058917100599999994,589.1710059999999
2005,3/3/2005,CLADOCERA,3.3129459115,3.764690603,3.3129459115e-6,3.764690603e-6,0.003764690603,0.127999480502,1279.9948050199998
2005,3/3/2005,COPEPODA,3.365783988,49.747755764,3.365783988e-6,4.9747755764e-5,0.049747755764,1.691423695976,16914.23695976
2005,3/3/2005,ROTIFERA,0.02531371875,2.82121605,2.531371875e-8,2.8212160499999998e-6,0.00282121605,0.0959213457,959.2134569999998
2005,4/21/2005,CLADOCERA,3.5718960405,3.343837974,3.5718960405e-6,3.343837974e-6,0.003343837974,0.113690491116,1136.90491116
2005,4/21/2005,COPEPODA,3.879994185,72.722920741,3.8799941850000005e-6,7.272292074099999e-5,0.072722920741,2.472579305194,24725.79305194
2005,4/21/2005,ROTIFERA,0.025907875,2.3793578,2.5907875e-8,2.3793578000000003e-6,0.0023793578,0.08089816520000001,808.981652
2005,5/17/2005,CLADOCERA,4.5322672189999995,25.613165796,4.5322672189999996e-6,2.5613165796e-5,0.025613165796,0.8708476370639999,8708.476370639999
2005,5/17/2005,COPEPODA,2.99538555,204.212416061,2.99538555e-6,2.04212416061e-4,0.204212416061,6.943222146074,69432.22146074
2005,5/17/2005,ROTIFERA,0.0686077852631579,12.592145928,6.86077852631579e-8,1.2592145928e-5,0.012592145928,0.42813296155200004,4281.3296155200005
2005,6/16/2005,CLADOCERA,4.5322672189999995,74.5976356,4.5322672189999996e-6,7.45976356e-5,0.0745976356,2.5363196104,25363.196104
2005,6/16/2005,COPEPODA,2.39588869975,90.920373949,2.39588869975e-6,9.0920373949e-5,0.090920373949,3.0912927142660003,30912.927142660003
2005,6/16/2005,ROTIFERA,0.08065106133333333,9.700954404,8.065106133333333e-8,9.700954404000001e-6,0.009700954404000001,0.32983244973600007,3298.3244973600004
2005,7/13/2005,CLADOCERA,4.001518624666667,54.458981804,4.001518624666667e-6,5.4458981804e-5,0.054458981803999995,1.8516053813359998,18516.05381336
2005,7/13/2005,COPEPODA,3.1206562028000002,50.650149766,3.1206562028000004e-6,5.0650149766e-5,0.050650149766,1.722105092044,17221.05092044
2005,7/13/2005,ROTIFERA,0.07352486294117647,4.334062649,7.352486294117647e-8,4.334062649e-6,0.004334062649,0.14735813006600001,1473.5813006600001
2005,8/11/2005,CLADOCERA,3.8395197133333334,57.83251088,3.839519713333334e-6,5.783251088e-5,0.05783251088,1.96630536992,19663.053699199998
2005,8/11/2005,COPEPODA,4.162151964625,112.496131646,4.162151964625e-6,1.12496131646e-4,0.112496131646,3.824868475964,38248.68475964
2005,8/11/2005,ROTIFERA,0.06978245005555556,4.074236455,6.978245005555555e-8,4.0742364550000005e-6,0.0040742364550000005,0.13852403947000003,1385.2403947000003
2005,9/7/2005,CLADOCERA,4.3808344522,38.164420114,4.3808344522e-6,3.8164420114e-5,0.038164420114,1.297590283876,12975.90283876
2005,9/7/2005,COPEPODA,3.5335452247142856,67.136097962,3.5335452247142854e-6,6.713609796199999e-5,0.06713609796199999,2.2826273307079994,22826.27330707999
2005,9/7/2005,ROTIFERA,0.06147879255,1.462821997,6.147879255e-8,1.462821997e-6,0.0014628219970000001,0.049735947898,497.35947898
2006,10/3/2006,CLADOCERA,4.120932599285714,77.093399793,4.120932599285714e-6,7.7093399793e-5,0.077093399793,2.6211755929620004,26211.75592962
2006,10/3/2006,COPEPODA,4.0623740125,114.51466914,4.062374012500001e-6,1.1451466914e-4,0.11451466914,3.89349875076,38934.987507599995
2006,10/3/2006,ROTIFERA,0.07258223058823529,3.103303188,7.258223058823529e-8,3.103303188e-6,0.003103303188,0.105512308392,1055.12308392
2006,10/30/2006,CLADOCERA,4.732862646,97.503929739,4.732862646e-6,9.7503929739e-5,0.097503929739,3.315133611126,33151.336111259996
2006,10/30/2006,COPEPODA,3.655720526375,90.733318532,3.6557205263750002e-6,9.0733318532e-5,0.09073331853199999,3.084932830088,30849.32830088
2006,10/30/2006,ROTIFERA,0.06682547900000001,1.4879165300000001,6.682547900000001e-8,1.4879165300000002e-6,0.0014879165300000002,0.05058916202000001,505.89162020000003
2006,2/14/2006,CLADOCERA,3.5718960405,6.915734014,3.5718960405e-6,6.915734014e-6,0.006915734014,0.235134956476,2351.34956476
2006,2/14/2006,COPEPODA,3.7544614414,47.499005684000004,3.7544614414000003e-6,4.7499005684000004e-5,0.047499005684000006,1.6149661932560002,16149.661932560002
2006,2/14/2006,ROTIFERA,0.08755131571428572,1.636748902,8.755131571428572e-8,1.6367489019999999e-6,0.0016367489019999998,0.05564946266799999,556.4946266799999
2006,4/21/2006,CLADOCERA,4.002334498,1.2007003489999999,4.002334497999999e-6,1.2007003489999999e-6,0.001200700349,0.040823811866,408.23811866
2006,4/21/2006,COPEPODA,2.44989041375,34.984602719,2.44989041375e-6,3.4984602719e-5,0.034984602719,1.189476492446,11894.76492446
2006,4/21/2006,ROTIFERA,0.07506484823529412,3.0822230740000003,7.506484823529411e-8,3.0822230740000004e-6,0.0030822230740000004,0.10479558451600002,1047.95584516
2006,5/17/2006,CLADOCERA,4.001518624666667,20.274891756,4.001518624666667e-6,2.0274891756e-5,0.020274891756,0.689346319704,6893.46319704
2006,5/17/2006,COPEPODA,2.9547664381428573,205.90312922599998,2.9547664381428573e-6,2.0590312922599997e-4,0.205903129226,7.000706393683999,70007.06393683999
2006,5/17/2006,ROTIFERA,0.07538884823529413,27.37847388,7.538884823529412e-8,2.737847388e-5,0.02737847388,0.93086811192,9308.681119199999
2006,6/14/2006,CLADOCERA,3.2641337985,76.212473223,3.2641337985e-6,7.6212473223e-5,0.07621247322300001,2.5912240895820005,25912.240895820003
2006,6/14/2006,COPEPODA,3.098062151571429,150.089796793,3.098062151571429e-6,1.50089796793e-4,0.150089796793,5.103053090962,51030.53090961999
2006,6/14/2006,ROTIFERA,0.06616466684210527,20.062004535,6.616466684210527e-8,2.0062004535e-5,0.020062004534999997,0.6821081541899999,6821.081541899999
2006,7/10/2006,CLADOCERA,4.187380461111111,170.49221365300002,4.187380461111111e-6,1.7049221365300003e-4,0.17049221365300002,5.796735264202001,57967.35264202001
2006,7/10/2006,COPEPODA,2.9547664381428573,184.283303459,2.9547664381428573e-6,1.84283303459e-4,0.184283303459,6.265632317605999,62656.32317605999
2006,7/10/2006,ROTIFERA,0.07692760850000001,4.161698314,7.692760850000001e-8,4.161698314e-6,0.004161698314,0.141497742676,1414.9774267599998
2006,8/8/2006,CLADOCERA,4.547083373428571,56.781278843,4.547083373428571e-6,5.6781278843000004e-5,0.05678127884300001,1.9305634806620002,19305.63480662
2006,8/8/2006,COPEPODA,3.398615427875,91.350074558,3.398615427875e-6,9.1350074558e-5,0.091350074558,3.105902534972,31059.02534972
2006,8/8/2006,ROTIFERA,0.01700021875,1.292870475,1.700021875e-8,1.2928704749999999e-6,0.0012928704749999998,0.04395759614999999,439.5759614999999
2006,9/6/2006,CLADOCERA,4.1406989495,23.110207066,4.1406989495e-6,2.3110207066e-5,0.023110207066,0.785747040244,7857.47040244
2006,9/6/2006,COPEPODA,3.4195132794285716,72.233345884,3.4195132794285716e-6,7.2233345884e-5,0.072233345884,2.4559337600560003,24559.33760056
2006,9/6/2006,ROTIFERA,0.020356964285714287,0.543888975,2.0356964285714288e-8,5.43888975e-7,5.43888975e-4,0.01849222515,184.9222515
2007,10/11/2007,CLADOCERA,4.187380461111111,265.956426155,4.187380461111111e-6,2.65956426155e-4,0.265956426155,9.04251848927,90425.1848927
2007,10/11/2007,COPEPODA,3.8593306626,183.04868799000002,3.8593306626e-6,1.8304868799e-4,0.18304868799000001,6.22365539166,62236.5539166
2007,10/11/2007,ROTIFERA,0.062063271,18.344669555,6.206327100000001e-8,1.8344669554999998e-5,0.018344669555,0.62371876487,6237.1876487
2007,11/13/2007,CLADOCERA,4.44769086325,103.960792619,4.44769086325e-6,1.03960792619e-4,0.103960792619,3.534666949046,35346.66949046
2007,11/13/2007,COPEPODA,4.162151964625,120.456805887,4.162151964625e-6,1.20456805887e-4,0.120456805887,4.095531400158,40955.31400158
2007,11/13/2007,ROTIFERA,0.015271375,2.106647175,1.5271375e-8,2.106647175e-6,0.002106647175,0.07162600394999999,716.2600394999998
2007,2/26/2007,CLADOCERA,4.5322672189999995,14.971044907,4.5322672189999996e-6,1.4971044907e-5,0.014971044907,0.509015526838,5090.15526838
2007,2/26/2007,COPEPODA,3.5377356761666667,59.949021697,3.5377356761666667e-6,5.9949021696999996e-5,0.059949021697,2.0382667376979997,20382.667376979996
2007,2/26/2007,ROTIFERA,0.078645728,3.3546095360000003,7.8645728e-8,3.3546095360000003e-6,0.003354609536,0.11405672422400001,1140.56724224
2007,4/26/2007,CLADOCERA,2.261431329,5.490891537,2.261431329e-6,5.490891537e-6,0.005490891537,0.186690312258,1866.90312258
2007,4/26/2007,COPEPODA,3.6291907886000003,148.843610539,3.6291907886000004e-6,1.4884361053899998e-4,0.14884361053899997,5.060682758325999,50606.82758325999
2007,4/26/2007,ROTIFERA,0.07483315125000001,12.919372464,7.483315125000001e-8,1.2919372464e-5,0.012919372464,0.439258663776,4392.58663776
2007,5/23/2007,CLADOCERA,4.355622978666666,36.983709223,4.355622978666666e-6,3.6983709223e-5,0.036983709223,1.2574461135819999,12574.461135819998
2007,5/23/2007,COPEPODA,3.8415872427142856,119.575545614,3.841587242714286e-6,1.19575545614e-4,0.11957554561400001,4.065568550876001,40655.685508760005
2007,5/23/2007,ROTIFERA,0.082106528,15.057472104,8.2106528e-8,1.5057472104e-5,0.015057472104,0.511954051536,5119.54051536
2007,6/20/2007,CLADOCERA,5.4183467813999995,201.024652641,5.418346781399999e-6,2.0102465264099998e-4,0.20102465264099997,6.834838189793999,68348.38189793998
2007,6/20/2007,COPEPODA,3.4195132794285716,91.007289413,3.4195132794285716e-6,9.1007289413e-5,0.091007289413,3.094247840042,30942.47840042
2007,6/20/2007,ROTIFERA,0.07136209823529412,5.331469749,7.136209823529412e-8,5.331469749e-6,0.005331469749,0.18126997146600002,1812.6997146600002
2007,7/17/2007,CLADOCERA,5.0107425973333335,44.502343937,5.010742597333333e-6,4.4502343936999996e-5,0.044502343937,1.513079693858,15130.796938579999
2007,7/17/2007,COPEPODA,3.398615427875,85.328185313,3.398615427875e-6,8.5328185313e-5,0.085328185313,2.901158300642,29011.583006419998
2007,7/17/2007,ROTIFERA,0.06805645631578948,3.031340952,6.805645631578948e-8,3.031340952e-6,0.003031340952,0.103065592368,1030.65592368
2007,8/14/2007,CLADOCERA,4.637874852666666,24.312767169,4.6378748526666665e-6,2.4312767169000002e-5,0.024312767169,0.826634083746,8266.34083746
2007,8/14/2007,COPEPODA,3.4195132794285716,23.536366772,3.4195132794285716e-6,2.3536366772e-5,0.023536366772,0.800236470248,8002.36470248
2007,8/14/2007,ROTIFERA,0.07788103,0.744579926,7.788103e-8,7.44579926e-7,7.44579926e-4,0.025315717483999998,253.15717483999995
2007,9/12/2007,CLADOCERA,4.392009745142857,55.349956929,4.392009745142857e-6,5.5349956929000004e-5,0.055349956929,1.881898535586,18818.98535586
2007,9/12/2007,COPEPODA,3.398615427875,82.694705266,3.398615427875e-6,8.2694705266e-5,0.082694705266,2.811619979044,28116.199790439998
2007,9/12/2007,ROTIFERA,0.06420709742105263,2.57150876,6.420709742105262e-8,2.57150876e-6,0.0025715087599999997,0.08743129783999999,874.3129783999999
2008,10/23/2008,CLADOCERA,4.5303054492,58.709336953,4.5303054492e-6,5.8709336953e-5,0.058709336953,1.996117456402,19961.17456402
2008,10/23/2008,COPEPODA,3.655720526375,56.891169433,3.6557205263750002e-6,5.6891169433e-5,0.056891169433,1.934299760722,19342.99760722
2008,10/23/2008,ROTIFERA,0.0159554175625,2.588247709,1.5955417562500002e-8,2.5882477090000002e-6,0.0025882477090000003,0.08800042210600001,880.0042210600001
2008,11/11/2008,CLADOCERA,4.152697026,141.336393192,4.152697026e-6,1.41336393192e-4,0.141336393192,4.8054373685280005,48054.37368528
2008,11/11/2008,COPEPODA,3.407484465714286,71.221075743,3.407484465714286e-6,7.1221075743e-5,0.07122107574299999,2.421516575262,24215.165752619996
2008,11/11/2008,ROTIFERA,0.0161128165,0.513122259,1.61128165e-8,5.13122259e-7,5.13122259e-4,0.017446156806,174.46156806
2008,2/27/2008,COPEPODA,3.879994185,43.696983661,3.8799941850000005e-6,4.3696983660999994e-5,0.04369698366099999,1.4856974444739997,14856.974444739995
2008,2/27/2008,ROTIFERA,0.09793076545454546,0.999640852,9.793076545454546e-8,9.996408519999999e-7,9.996408519999998e-4,0.033987788968,339.87788967999995
2008,5/12/2008,COPEPODA,3.4333434655,39.311134813,3.4333434655e-6,3.9311134813e-5,0.039311134813,1.3365785836419999,13365.785836419998
2008,5/12/2008,ROTIFERA,0.08801584,1.939403076,8.801584e-8,1.939403076e-6,0.0019394030760000003,0.065939704584,659.39704584
2008,6/4/2008,CLADOCERA,4.001722593,10.741228946,4.001722593e-6,1.0741228946e-5,0.010741228946,0.365201784164,3652.01784164
2008,6/4/2008,COPEPODA,3.655720526375,135.587470835,3.6557205263750002e-6,1.35587470835e-4,0.135587470835,4.60997400839,46099.7400839
2008,6/4/2008,ROTIFERA,0.02563613333333333,7.088695599999999,2.563613333333333e-8,7.0886956e-6,0.0070886956,0.2410156504,2410.156504
2008,7/3/2008,CLADOCERA,5.1902093551999995,72.365135906,5.1902093552e-6,7.236513590600001e-5,0.07236513590600001,2.4604146208040003,24604.14620804
2008,7/3/2008,COPEPODA,3.6490814562000002,61.124488140000004,3.6490814562e-6,6.112448814e-5,0.061124488139999995,2.07823259676,20782.325967599998
2008,7/3/2008,ROTIFERA,0.07046753722222222,7.867442715,7.046753722222222e-8,7.867442715e-6,0.007867442714999999,0.26749305231,2674.9305231
2008,7/31/2008,CLADOCERA,5.1902093551999995,15.036941583,5.1902093552e-6,1.5036941583000001e-5,0.015036941583,0.511256013822,5112.56013822
2008,7/31/2008,COPEPODA,3.398615427875,66.198552619,3.398615427875e-6,6.619855261899999e-5,0.06619855261899998,2.2507507890459992,22507.50789045999
2008,7/31/2008,ROTIFERA,0.0137528,1.0861177499999999,1.3752800000000002e-8,1.0861177499999999e-6,0.0010861177499999998,0.036928003499999994,369.28003499999994
2008,8/27/2008,CLADOCERA,3.2765374468333333,24.216109959999997,3.2765374468333334e-6,2.4216109959999998e-5,0.02421610996,0.82334773864,8233.4773864
2008,8/27/2008,COPEPODA,4.0623740125,44.399024228,4.062374012500001e-6,4.4399024228000004e-5,0.044399024228,1.5095668237520001,15095.66823752
2008,8/27/2008,ROTIFERA,0.01684194642857143,0.7482126499999999,1.684194642857143e-8,7.482126499999999e-7,7.4821265e-4,0.025439230099999998,254.39230099999997
2008,9/25/2008,CLADOCERA,3.8029036665714284,28.423630999,3.8029036665714283e-6,2.8423630999e-5,0.028423630999000003,0.9664034539660001,9664.03453966
2008,9/25/2008,COPEPODA,4.0623740125,49.15525375,4.062374012500001e-6,4.915525375e-5,0.04915525375,1.6712786275,16712.786275
2008,9/25/2008,ROTIFERA,0.0152845,0.929145125,1.52845e-8,9.29145125e-7,9.291451250000001e-4,0.03159093425,315.9093425
2009,10/13/2009,CLADOCERA,5.334144362333333,67.750194483,5.334144362333333e-6,6.7750194483e-5,0.067750194483,2.303506612422,23035.066124219997
2009,10/13/2009,COPEPODA,3.9723691741111113,86.424172236,3.972369174111112e-6,8.642417223600001e-5,0.086424172236,2.938421856024,29384.21856024
2009,10/13/2009,ROTIFERA,0.018126166666666665,0.87114832,1.8126166666666664e-8,8.7114832e-7,8.7114832e-4,0.02961904288,296.1904288
2009,11/10/2009,CLADOCERA,5.752756335,127.35416032799999,5.752756335e-6,1.27354160328e-4,0.12735416032799998,4.330041451152,43300.41451151999
2009,11/10/2009,COPEPODA,3.622249809857143,100.138956546,3.622249809857143e-6,1.00138956546e-4,0.100138956546,3.404724522564,34047.24522564
2009,11/10/2009,ROTIFERA,0.015683483333333335,0.84246911,1.5683483333333336e-8,8.424691100000001e-7,8.424691100000001e-4,0.028643949740000004,286.43949740000005
2009,2/16/2009,COPEPODA,3.879994185,62.244052441,3.8799941850000005e-6,6.2244052441e-5,0.062244052440999995,2.1162977829939997,21162.977829939995
2009,2/16/2009,ROTIFERA,0.09401782666666667,1.677272666,9.401782666666667e-8,1.677272666e-6,0.001677272666,0.057027270644,570.27270644
2009,4/20/2009,CLADOCERA,4.002334498,2.241307319,4.002334497999999e-6,2.241307319e-6,0.002241307319,0.076204448846,762.0444884599999
2009,4/20/2009,COPEPODA,3.6490814562000002,70.037050474,3.6490814562e-6,7.0037050474e-5,0.070037050474,2.381259716116,23812.597161159996
2009,4/20/2009,ROTIFERA,0.08975185142857144,3.7138131409999997,8.975185142857143e-8,3.7138131409999996e-6,0.0037138131409999997,0.126269646794,1262.6964679399998
2009,5/28/2009,CLADOCERA,3.5427421069999996,6.337864348,3.5427421069999995e-6,6.337864348e-6,0.006337864348,0.215487387832,2154.8738783199997
2009,5/28/2009,COPEPODA,3.5100839611111114,106.37061505300001,3.5100839611111115e-6,1.0637061505300001e-4,0.10637061505300001,3.616600911802,36166.00911802
2009,5/28/2009,ROTIFERA,0.09890249333333334,12.643231709,9.890249333333334e-8,1.2643231709e-5,0.012643231709,0.429869878106,4298.69878106
2009,6/24/2009,CLADOCERA,4.442310290666667,89.828374007,4.442310290666667e-6,8.982837400699999e-5,0.08982837400699999,3.0541647162379997,30541.647162379995
2009,6/24/2009,COPEPODA,3.596989907333333,54.939835816999995,3.5969899073333333e-6,5.493983581699999e-5,0.054939835816999995,1.8679544177779999,18679.544177779997
2009,6/24/2009,ROTIFERA,0.08305530153846154,3.659710774,8.305530153846154e-8,3.659710774e-6,0.0036597107740000004,0.12443016631600001,1244.30166316
2009,7/20/2009,CLADOCERA,5.1902093551999995,30.852183991,5.1902093552e-6,3.0852183991e-5,0.030852183991000003,1.048974255694,10489.74255694
2009,7/20/2009,COPEPODA,4.306334084,39.554681283,4.306334084e-6,3.9554681283e-5,0.039554681283,1.344859163622,13448.591636219999
2009,7/20/2009,ROTIFERA,0.07134156882352942,1.370543885,7.134156882352942e-8,1.3705438850000001e-06,0.001370543885,0.04659849209,465.98492089999996
2009,8/18/2009,CLADOCERA,5.0151675405,23.649569646,5.0151675405000004e-6,2.3649569646e-5,0.023649569646000002,0.8040853679640001,8040.85367964
2009,8/18/2009,COPEPODA,3.4195132794285716,48.415069884,3.4195132794285716e-6,4.8415069884e-5,0.048415069883999996,1.646112376056,16461.12376056
2009,8/18/2009,ROTIFERA,0.025464916666666667,1.61822801,2.5464916666666668e-8,1.61822801e-6,0.00161822801,0.05501975234,550.1975233999999
2009,9/15/2009,CLADOCERA,4.6906188711666665,69.579233002,4.6906188711666664e-06,6.9579233002e-5,0.069579233002,2.365693922068,23656.93922068
2009,9/15/2009,COPEPODA,3.4195132794285716,95.38668001,3.4195132794285716e-6,9.538668001000001e-5,0.09538668001,3.24314712034,32431.4712034
2009,9/15/2009,ROTIFERA,0.07241014466666666,1.977560575,7.241014466666666e-8,1.977560575e-6,0.001977560575,0.06723705955,672.3705955
2010,11/12/2010,CLADOCERA,5.695982828333333,48.606749149,5.695982828333333e-6,4.8606749149000005e-5,0.048606749149000004,1.6526294710660001,16526.29471066
2010,11/12/2010,COPEPODA,3.407484465714286,90.39974526499999,3.407484465714286e-6,9.0399745265e-5,0.090399745265,3.07359133901,30735.9133901
2010,11/12/2010,ROTIFERA,0.022031089285714286,0.94026856,2.2031089285714287e-8,9.4026856e-7,9.4026856e-4,0.03196913104,319.6913104
2010,2/10/2010,CLADOCERA,3.141457583,3.518432493,3.1414575830000003e-6,3.518432493e-6,0.003518432493,0.11962670476199999,1196.2670476199999
2010,2/10/2010,COPEPODA,3.879994185,70.923549111,3.8799941850000005e-6,7.0923549111e-5,0.07092354911099999,2.411400669774,24114.00669774
2010,2/10/2010,ROTIFERA,0.07263243647058824,1.7321099150000001,7.263243647058824e-8,1.7321099150000002e-6,0.0017321099150000002,0.05889173711000001,588.9173711000001
2010,4/14/2010,CLADOCERA,4.002334498,1.120653659,4.002334497999999e-6,1.120653659e-6,0.001120653659,0.038102224406,381.02224406
2010,4/14/2010,COPEPODA,4.6396740447500004,73.09600867799999,4.63967404475e-6,7.309600867799999e-5,0.073096008678,2.4852642950519996,24852.642950519996
2010,4/14/2010,ROTIFERA,0.06264649619047619,1.688175255,6.264649619047618e-8,1.688175255e-6,0.001688175255,0.05739795867,573.9795866999999
2010,5/13/2010,CLADOCERA,5.695982828333333,26.344515326,5.695982828333333e-6,2.6344515326e-5,0.026344515326,0.895713521084,8957.13521084
2010,5/13/2010,COPEPODA,2.4075323298,67.64249102,2.4075323298e-6,6.764249102e-5,0.06764249102,2.29984469468,22998.4469468
2010,5/13/2010,ROTIFERA,0.06821761057894737,4.689481687,6.821761057894737e-8,4.689481687e-6,0.004689481687,0.159442377358,1594.4237735799998
2010,6/9/2010,CLADOCERA,5.752756335,108.675196863,5.752756335e-6,1.08675196863e-4,0.10867519686299999,3.6949566933419997,36949.56693341999
2010,6/9/2010,COPEPODA,3.596989907333333,99.96892986,3.5969899073333333e-6,9.996892986000001e-5,0.09996892986000001,3.3989436152400003,33989.436152400005
2010,6/9/2010,ROTIFERA,0.07848265125000001,7.987929578,7.848265125000001e-8,7.987929578e-6,0.007987929578,0.27158960565199997,2715.8960565199995
2010,7/7/2010,CLADOCERA,5.352778554666666,41.234346522,5.352778554666666e-6,4.1234346522000003e-5,0.041234346522000004,1.401967781748,14019.67781748
2010,7/7/2010,COPEPODA,3.4195132794285716,42.110424752,3.4195132794285716e-6,4.2110424752e-5,0.042110424752,1.431754441568,14317.544415679999
2010,7/7/2010,ROTIFERA,0.07408333875,2.39733513,7.408333875e-8,2.39733513e-6,0.00239733513,0.08150939441999999,815.0939441999999
2010,8/4/2010,CLADOCERA,5.0151675405,20.369395429,5.0151675405000004e-6,2.0369395429e-5,0.020369395429,0.692559444586,6925.59444586
2010,8/4/2010,COPEPODA,3.580414351,51.34027943,3.580414351e-6,5.1340279430000006e-5,0.05134027943,1.74556950062,17455.6950062
2010,8/4/2010,ROTIFERA,0.015522647058823528,0.66367469,1.552264705882353e-8,6.6367469e-7,6.6367469e-4,0.02256493946,225.6493946
2010,9/2/2010,CLADOCERA,4.812600932,39.846222634,4.812600932e-6,3.9846222634e-5,0.039846222634,1.3547715695559999,13547.715695559998
2010,9/2/2010,COPEPODA,3.4195132794285716,60.250478660999995,3.4195132794285716e-6,6.0250478661e-5,0.060250478660999994,2.0485162744739998,20485.162744739995
2010,9/2/2010,ROTIFERA,0.014712691176470588,0.64900542,1.4712691176470588e-8,6.4900542e-7,6.4900542e-4,0.022066184279999998,220.66184279999996
2010,9/29/2010,CLADOCERA,4.6001383196,30.911955285,4.6001383196e-6,3.0911955285e-5,0.030911955284999997,1.0510064796899998,10510.064796899998
2010,9/29/2010,COPEPODA,3.4195132794285716,66.607124049,3.4195132794285716e-6,6.6607124049e-5,0.066607124049,2.264642217666,22646.422176660002
2010,9/29/2010,ROTIFERA,0.017649546874999998,0.80075968,1.7649546874999997e-8,8.0075968e-7,8.0075968e-4,0.02722582912,272.2582912
2011,10/21/2011,CLADOCERA,6.542806993499999,21.983831499,6.542806993499999e-6,2.1983831499e-5,0.021983831499,0.747450270966,7474.50270966
2011,10/21/2011,COPEPODA,2.42075203425,37.05059696,2.42075203425e-6,3.705059696e-5,0.03705059696,1.25972029664,12597.2029664
2011,10/21/2011,ROTIFERA,0.023207017857142857,0.88948615,2.3207017857142857e-8,8.8948615e-7,8.894861499999999e-4,0.0302425291,302.42529099999996
2011,11/14/2011,CLADOCERA,6.542806993499999,17.440251463,6.542806993499999e-6,1.7440251463e-5,0.017440251463,0.592968549742,5929.68549742
2011,11/14/2011,COPEPODA,3.5829562913333333,51.845246243,3.582956291333333e-6,5.1845246243e-5,0.051845246243,1.762738372262,17627.38372262
2011,11/14/2011,ROTIFERA,0.0205635,0.39412268,2.0563499999999997e-8,3.9412268e-7,3.9412268e-4,0.01340017112,134.0017112
2011,2/16/2011,CLADOCERA,9.944156404,8.353091379,9.944156404e-6,8.353091379e-6,0.008353091379,0.284005106886,2840.0510688599998
2011,2/16/2011,COPEPODA,3.6291907886000003,73.66776118199999,3.6291907886000004e-6,7.3667761182e-5,0.073667761182,2.504703880188,25047.038801879997
2011,2/16/2011,ROTIFERA,0.023763,0.25667796,2.3763e-8,2.5667796e-7,2.5667796e-4,0.00872705064,87.27050639999999
2011,5/4/2011,COPEPODA,3.6490814562000002,131.400615995,3.6490814562e-6,1.31400615995e-4,0.13140061599500003,4.467620943830001,44676.20943830001
2011,5/4/2011,ROTIFERA,0.06867846947368421,3.94805479,6.86784694736842e-8,3.94805479e-6,0.00394805479,0.13423386286,1342.3386286
2011,6/2/2011,CLADOCERA,5.4871780695,12.811788606,5.4871780695e-6,1.2811788606e-5,0.012811788606,0.43560081260399997,4356.008126039999
2011,6/2/2011,COPEPODA,3.6490814562000002,101.87587975,3.6490814562e-6,1.0187587974999999e-4,0.10187587975,3.4637799114999996,34637.799114999994
2011,6/2/2011,ROTIFERA,0.08196905411764706,25.93198462,8.196905411764706e-8,2.593198462e-5,0.02593198462,0.8816874770800001,8816.874770800001
2011,6/29/2011,CLADOCERA,4.992230212333333,65.308420295,4.992230212333333e-6,6.530842029500001e-5,0.065308420295,2.22048629003,22204.862900300002
2011,6/29/2011,COPEPODA,2.9051724333333335,85.37941182600001,2.9051724333333337e-6,8.5379411826e-5,0.085379411826,2.9029000020840003,29029.00002084
2011,6/29/2011,ROTIFERA,0.019988203125,1.04651652,1.9988203125e-8,1.0465165199999998e-6,0.0010465165199999998,0.03558156167999999,355.8156167999999
2011,7/28/2011,CLADOCERA,4.7037289929999995,97.576389018,4.703728992999999e-6,9.7576389018e-5,0.097576389018,3.317597226612,33175.97226612
2011,7/28/2011,COPEPODA,3.4195132794285716,99.420987999,3.4195132794285716e-6,9.9420987999e-5,0.099420987999,3.380313591966,33803.135919659995
2011,7/28/2011,ROTIFERA,0.06698802333333334,3.092787065,6.698802333333335e-8,3.092787065e-6,0.003092787065,0.10515476020999999,1051.5476021
2011,8/25/2011,CLADOCERA,4.6001383196,27.259167446,4.6001383196e-6,2.7259167446e-5,0.027259167445999998,0.9268116931639999,9268.11693164
2011,8/25/2011,COPEPODA,3.9723691741111113,87.026884339,3.972369174111112e-6,8.702688433900001e-5,0.08702688433900001,2.9589140675260004,29589.14067526
2011,8/25/2011,ROTIFERA,0.0670288247368421,1.4812233350000001,6.702882473684211e-8,1.4812233350000002e-6,0.0014812233350000002,0.05036159339000001,503.6159339000001
2011,9/21/2011,CLADOCERA,4.6001383196,31.010248651,4.6001383196e-6,3.1010248651e-5,0.031010248651,1.054348454134,10543.48454134
2011,9/21/2011,COPEPODA,3.794743702,68.649808259,3.7947437019999998e-6,6.8649808259e-5,0.068649808259,2.3340934808059997,23340.934808059996
2011,9/21/2011,ROTIFERA,0.016726875,0.7461165599999999,1.6726874999999998e-8,7.4611656e-7,7.461165599999999e-4,0.025367963039999997,253.67963039999995
2012,10/16/2012,CLADOCERA,5.352778554666666,26.240133955,5.352778554666666e-6,2.6240133955000002e-5,0.026240133955,0.8921645544700001,8921.6455447
2012,10/16/2012,COPEPODA,3.398615427875,51.887675504,3.398615427875e-6,5.1887675504e-5,0.051887675503999996,1.7641809671359998,17641.80967136
2012,10/16/2012,ROTIFERA,0.02040796838888889,1.0492368410000001,2.040796838888889e-8,1.0492368410000002e-6,0.0010492368410000002,0.03567405259400001,356.74052594000005
2012,11/9/2012,CLADOCERA,5.695982828333333,13.087683644,5.695982828333333e-6,1.3087683644e-5,0.013087683644,0.444981243896,4449.81243896
2012,11/9/2012,COPEPODA,4.229553150166667,48.070473187000005,4.229553150166667e-6,4.8070473187000005e-5,0.04807047318700001,1.6343960883580002,16343.96088358
2012,11/9/2012,ROTIFERA,0.0642597719375,0.466362969,6.425977193750001e-8,4.66362969e-7,4.6636296900000004e-4,0.015856340946,158.56340946
2012,2/22/2012,CLADOCERA,6.542806993499999,3.663971916,6.542806993499999e-6,3.6639719159999998e-6,0.0036639719159999996,0.12457504514399999,1245.7504514399998
2012,2/22/2012,COPEPODA,3.594816718,71.282623766,3.594816718e-6,7.1282623766e-5,0.071282623766,2.423609208044,24236.09208044
2012,2/22/2012,ROTIFERA,0.07706066133333334,0.611538178,7.706066133333333e-8,6.11538178e-7,6.11538178e-4,0.020792298052,207.92298051999998
2012,4/4/2012,COPEPODA,4.1044134237500005,59.861120792,4.10441342375e-6,5.9861120792e-5,0.059861120792,2.0352781069279997,20352.781069279998
2012,4/4/2012,ROTIFERA,0.019076545454545454,0.91445144,1.9076545454545454e-8,9.1445144e-7,9.1445144e-4,0.03109134896,310.9134896
2012,5/1/2012,CLADOCERA,3.4424209759999997,4.976165152,3.4424209759999997e-6,4.976165152e-6,0.004976165152,0.169189615168,1691.8961516799998
2012,5/1/2012,COPEPODA,4.306334084,108.11171641300001,4.306334084e-6,1.08111716413e-4,0.108111716413,3.6757983580420004,36757.983580420005
2012,5/1/2012,ROTIFERA,0.07284287,6.584317891,7.284287e-8,6.5843178910000004e-06,0.0065843178910000005,0.22386680829400002,2238.66808294
2012,5/31/2012,CLADOCERA,5.4026719676,81.891428764,5.4026719676e-6,8.189142876399999e-5,0.08189142876399999,2.7843085779759997,27843.085779759997
2012,5/31/2012,COPEPODA,4.1251609395,93.88608700399999,4.1251609395e-6,9.3886087004e-5,0.09388608700399999,3.1921269581359994,31921.269581359993
2012,5/31/2012,ROTIFERA,0.07359594466666666,7.755236513,7.359594466666667e-8,7.755236513e-6,0.0077552365130000005,0.263678041442,2636.78041442
2012,6/25/2012,CLADOCERA,4.984286791,53.944324268,4.984286791e-6,5.3944324268e-5,0.053944324268,1.834107025112,18341.07025112
2012,6/25/2012,COPEPODA,2.896145522714286,96.30067256299999,2.896145522714286e-6,9.630067256299999e-5,0.09630067256299998,3.2742228671419995,32742.228671419994
2012,6/25/2012,ROTIFERA,0.06549476755,3.874594397,6.549476754999999e-8,3.874594397e-6,0.003874594397,0.131736209498,1317.36209498
2012,7/24/2012,CLADOCERA,5.352778554666666,18.178121425,5.352778554666666e-6,1.8178121425e-5,0.018178121425,0.6180561284499999,6180.561284499999
2012,7/24/2012,COPEPODA,2.42075203425,12.511412621,2.42075203425e-6,1.2511412621e-5,0.012511412621,0.425388029114,4253.88029114
2012,7/24/2012,ROTIFERA,0.015701166666666665,0.29869308,1.5701166666666664e-8,2.9869308e-7,2.9869308e-4,0.01015556472,101.5556472
2012,8/21/2012,CLADOCERA,5.695982828333333,24.129632702000002,5.695982828333333e-6,2.4129632702000003e-5,0.024129632702,0.8204075118680001,8204.07511868
2012,8/21/2012,COPEPODA,3.5335452247142856,45.618521720000004,3.5335452247142854e-6,4.561852172e-5,0.04561852172,1.55102973848,15510.2973848
2012,8/21/2012,ROTIFERA,0.020870458333333335,0.97315911,2.0870458333333334e-8,9.7315911e-7,9.731591099999999e-4,0.03308740974,330.8740973999999
2012,9/18/2012,CLADOCERA,4.8206280755,26.75886766,4.8206280755000005e-6,2.675886766e-5,0.02675886766,0.9098015004400001,9098.0150044
2012,9/18/2012,COPEPODA,2.9051724333333335,41.717344028,2.9051724333333337e-6,4.1717344028e-5,0.041717344027999995,1.4183896969519998,14183.896969519998
2012,9/18/2012,ROTIFERA,0.022567355263157896,0.9863623699999999,2.2567355263157897e-8,9.863623699999999e-7,9.863623699999998e-4,0.033536320579999994,335.36320579999995
2013,10/2/2013,CLADOCERA,4.6001383196,30.205050023,4.6001383196e-6,3.0205050022999997e-5,0.030205050023,1.0269717007819998,10269.717007819998
2013,10/2/2013,COPEPODA,3.407484465714286,67.766355394,3.407484465714286e-6,6.7766355394e-5,0.067766355394,2.304056083396,23040.56083396
2013,10/2/2013,ROTIFERA,0.02251115625,1.29391654,2.251115625e-8,1.2939165399999999e-6,0.0012939165399999998,0.04399316235999999,439.9316235999999
2013,11/14/2013,CLADOCERA,5.752756335,33.066004743,5.752756335e-6,3.3066004743e-5,0.033066004743,1.124244161262,11242.44161262
2013,11/14/2013,COPEPODA,3.407484465714286,85.815355092,3.407484465714286e-6,8.5815355092e-5,0.085815355092,2.917722073128,29177.22073128
2013,11/14/2013,ROTIFERA,0.020025302631578947,0.60338523,2.0025302631578946e-8,6.0338523e-7,6.033852300000001e-4,0.02051509782,205.1509782
2013,2/21/2013,CLADOCERA,4.6686087695000005,5.228841821,4.668608769500001e-6,5.228841821e-6,0.0052288418209999995,0.177780621914,1777.8062191399997
2013,2/21/2013,COPEPODA,3.594816718,63.554804489000006,3.594816718e-6,6.3554804489e-5,0.063554804489,2.160863352626,21608.633526259997
2013,2/21/2013,ROTIFERA,0.08318303,2.239664403,8.318303e-8,2.239664403e-6,0.0022396644030000003,0.076148589702,761.48589702
2013,5/16/2013,CLADOCERA,3.141457583,0.879608123,3.1414575830000003e-6,8.79608123e-7,8.796081230000001e-4,0.029906676182000002,299.06676182
2013,5/16/2013,COPEPODA,4.388441076,64.50409390600001,4.3884410760000005e-6,6.4504093906e-5,0.06450409390600001,2.1931391928040003,21931.39192804
2013,5/16/2013,ROTIFERA,0.07765812,1.325588275,7.765811999999999e-8,1.325588275e-6,0.001325588275,0.04507000135,450.70001349999995
2013,6/12/2013,COPEPODA,2.42075203425,6.956339559,2.42075203425e-6,6.956339559e-6,0.006956339559,0.236515545006,2365.15545006
2013,6/12/2013,ROTIFERA,0.09169030153846154,1.277894453,9.169030153846155e-8,1.277894453e-6,0.001277894453,0.043448411402,434.48411402
2013,7/9/2013,CLADOCERA,4.442310290666667,95.494286058,4.442310290666667e-6,9.5494286058e-5,0.095494286058,3.246805725972,32468.057259719997
2013,7/9/2013,COPEPODA,4.306334084,96.580420245,4.306334084e-6,9.6580420245e-5,0.096580420245,3.2837342883300003,32837.3428833
2013,7/9/2013,ROTIFERA,0.06882064833333333,4.752547668,6.882064833333334e-8,4.752547668e-6,0.004752547668,0.161586620712,1615.86620712
2013,9/5/2013,CLADOCERA,2.7518700324,26.640556388,2.7518700324e-6,2.6640556388e-5,0.026640556388,0.905778917192,9057.78917192
2013,9/5/2013,COPEPODA,4.0623740125,40.006505741,4.062374012500001e-6,4.0006505741e-5,0.040006505740999995,1.3602211951939998,13602.211951939997
2013,9/5/2013,ROTIFERA,0.02064745,0.94682,2.064745e-8,9.4682e-7,9.4682e-4,0.03219188,321.9188
2014,10/9/2014,COPEPODA,3.4333434655,23.026546871,3.4333434655e-6,2.3026546871e-5,0.023026546871000003,0.7829025936140002,7829.025936140001
2014,10/9/2014,ROTIFERA,0.07574211672222222,5.074213771,7.574211672222222e-8,5.0742137710000006e-6,0.005074213771000001,0.17252326821400005,1725.2326821400004
2014,11/12/2014,COPEPODA,3.5377356761666667,58.517449656000004,3.5377356761666667e-6,5.8517449656000005e-5,0.058517449656000003,1.9895932883040002,19895.93288304
2014,11/12/2014,ROTIFERA,0.028479866666666666,1.74099744,2.8479866666666666e-8,1.74099744e-6,0.00174099744,0.05919391296,591.9391296
2014,2/19/2014,CLADOCERA,5.923076855,1.658461519,5.923076855e-6,1.6584615190000002e-6,0.001658461519,0.056387691646,563.87691646
2014,2/19/2014,COPEPODA,4.388441076,61.590494199999995,4.3884410760000005e-6,6.15904942e-5,0.0615904942,2.0940768028,20940.768028
2014,2/19/2014,ROTIFERA,0.09823117454545455,0.428483418,9.823117454545455e-8,4.28483418e-7,4.2848341799999997e-4,0.014568436211999998,145.68436211999997
2014,5/22/2014,COPEPODA,0.131939801,0.812749172,1.31939801e-7,8.127491719999999e-7,8.127491719999999e-4,0.027633471847999996,276.33471847999994
2014,5/22/2014,ROTIFERA,0.020662727272727274,0.28449904,2.0662727272727275e-8,2.8449904e-7,2.8449904e-4,0.009672967360000001,96.72967360000001
2014,6/19/2014,CLADOCERA,4.002334498,11.20653659,4.002334497999999e-6,1.120653659e-5,0.01120653659,0.38102224406,3810.2224406
2014,6/19/2014,COPEPODA,3.1832078815,27.139170815,3.1832078815e-6,2.7139170815e-5,0.027139170815000002,0.9227318077100001,9227.3180771
2014,6/19/2014,ROTIFERA,0.08624870857142858,1.970379253,8.624870857142858e-8,1.970379253e-6,0.001970379253,0.06699289460199999,669.9289460199999
2014,7/16/2014,CLADOCERA,3.5427421069999996,12.585652818,3.5427421069999995e-6,1.2585652818e-5,0.012585652817999999,0.42791219581199996,4279.121958119999
2014,7/16/2014,COPEPODA,4.0559962708,35.560622421,4.0559962708e-6,3.5560622421e-5,0.035560622421,1.209061162314,12090.61162314
2014,7/16/2014,ROTIFERA,0.08500732800000001,3.114229675,8.500732800000001e-8,3.114229675e-6,0.003114229675,0.10588380894999999,1058.8380894999998
2014,8/14/2014,CLADOCERA,4.447760330833333,36.945296899,4.447760330833333e-6,3.6945296899e-5,0.036945296899,1.2561400945660002,12561.400945660002
2014,8/14/2014,COPEPODA,3.5477528444285715,64.167570527,3.5477528444285713e-6,6.416757052699999e-5,0.06416757052699999,2.1816973979179997,21816.973979179995
2014,8/14/2014,ROTIFERA,0.07297383352941177,2.536992175,7.297383352941177e-8,2.536992175e-6,0.0025369921750000002,0.08625773395000001,862.5773395000001
2014,9/11/2014,CLADOCERA,3.3484811162,36.22651025,3.3484811162e-6,3.6226510249999996e-5,0.036226510249999996,1.2317013485,12317.013484999998
2014,9/11/2014,COPEPODA,3.347322126875,52.000733584,3.347322126875e-6,5.2000733584e-5,0.052000733584,1.7680249418560001,17680.24941856
2014,9/11/2014,ROTIFERA,0.027693716666666666,1.97144773,2.7693716666666666e-8,1.97144773e-6,0.00197144773,0.06702922282,670.2922282
2015,10/8/2015,CLADOCERA,6.623189252333333,22.791723745000002,6.623189252333333e-6,2.2791723745000002e-5,0.022791723745000003,0.7749186073300001,7749.1860733
2015,10/8/2015,COPEPODA,3.347322126875,79.19411741900001,3.347322126875e-6,7.919411741900001e-5,0.07919411741900001,2.6925999922460004,26925.999922460003
2015,10/8/2015,ROTIFERA,0.06765118,0.691087718,6.765118e-8,6.910877180000001e-7,6.91087718e-4,0.023496982412,234.96982412
2015,11/18/2015,CLADOCERA,7.9336166294999995,95.14014442999999,7.933616629499999e-6,9.514014443e-5,0.09514014443,3.23476491062,32347.6491062
2015,11/18/2015,COPEPODA,3.794743702,101.424956833,3.7947437019999998e-6,1.01424956833e-4,0.101424956833,3.4484485323219998,34484.48532322
2015,11/18/2015,ROTIFERA,0.017036895833333333,0.53670064,1.7036895833333333e-8,5.3670064e-7,5.3670064e-4,0.01824782176,182.4782176
2015,3/2/2015,CLADOCERA,4.002334498,1.120653659,4.002334497999999e-6,1.120653659e-6,0.001120653659,0.038102224406,381.02224406
2015,3/2/2015,COPEPODA,4.388441076,77.159903221,4.3884410760000005e-6,7.7159903221e-5,0.077159903221,2.623436709514,26234.367095139998
2015,3/2/2015,ROTIFERA,0.03284111111111111,0.39491144,3.284111111111111e-8,3.9491144e-7,3.9491144e-4,0.01342698896,134.2698896
2015,4/24/2015,COPEPODA,3.9048575195,34.653519361,3.9048575195e-6,3.4653519361e-5,0.034653519361,1.178219658274,11782.19658274
2015,4/24/2015,ROTIFERA,0.10107049333333333,0.748514178,1.0107049333333333e-7,7.48514178e-7,7.48514178e-4,0.025449482052,254.49482052
2015,5/21/2015,CLADOCERA,5.923076855,6.633846078,5.923076855e-6,6.633846078e-6,0.006633846078,0.225550766652,2255.50766652
2015,5/21/2015,COPEPODA,3.9397967053333334,63.657648441,3.939796705333333e-6,6.3657648441e-5,0.063657648441,2.164360046994,21643.60046994
2015,5/21/2015,ROTIFERA,0.09186786133333333,1.982852155,9.186786133333332e-8,1.982852155e-6,0.001982852155,0.06741697327,674.1697326999999
2015,6/18/2015,CLADOCERA,5.4871780695,88.334214617,5.4871780695e-6,8.8334214617e-5,0.088334214617,3.003363296978,30033.63296978
2015,6/18/2015,COPEPODA,3.489131929,124.809487313,3.489131929e-6,1.2480948731300002e-4,0.12480948731300001,4.243522568642001,42435.22568642
2015,6/18/2015,ROTIFERA,0.0690211938125,21.231241976,6.90211938125e-8,2.1231241975999998e-5,0.021231241975999997,0.721862227184,7218.6222718399995
2015,7/16/2015,CLADOCERA,5.752756335,21.997124512,5.752756335e-6,2.1997124512e-5,0.021997124512,0.747902233408,7479.022334079999
2015,7/16/2015,COPEPODA,3.2377132986,47.442127029000005,3.2377132986e-6,4.744212702900001e-5,0.047442127029000004,1.613032318986,16130.32318986
2015,7/16/2015,ROTIFERA,0.07086390705882353,3.423323355,7.086390705882354e-8,3.423323355e-6,0.003423323355,0.11639299407,1163.9299407
2015,8/13/2015,CLADOCERA,4.9627056765,7.754499737000001,4.9627056765e-6,7.754499737e-6,0.007754499737,0.263652991058,2636.52991058
2015,8/13/2015,COPEPODA,3.0905366675,42.98860522,3.0905366674999998e-6,4.2988605219999993e-5,0.04298860522,1.46161257748,14616.125774799999
2015,8/13/2015,ROTIFERA,0.02660863405,6.0163619839999996,2.660863405e-8,6.016361984e-6,0.006016361984,0.204556307456,2045.56307456
2015,9/11/2015,CLADOCERA,6.623189252333333,10.00105567,6.623189252333333e-6,1.000105567e-5,0.01000105567,0.34003589278,3400.3589278
2015,9/11/2015,COPEPODA,2.4075323298,73.229904843,2.4075323298e-6,7.3229904843e-5,0.073229904843,2.489816764662,24898.16764662
2015,9/11/2015,ROTIFERA,0.06323785105263158,2.342920163,6.323785105263157e-8,2.342920163e-6,0.002342920163,0.079659285542,796.59285542
2016,10/13/2016,CLADOCERA,5.352778554666666,23.800466642,5.352778554666666e-6,2.3800466642e-5,0.023800466642,0.809215865828,8092.158658279999
2016,10/13/2016,COPEPODA,2.9547664381428573,50.101791239,2.9547664381428573e-6,5.0101791239e-5,0.050101791239,1.703460902126,17034.60902126
2016,10/13/2016,ROTIFERA,0.06986371777777778,1.155025458,6.986371777777778e-8,1.155025458e-6,0.001155025458,0.039270865572,392.70865571999997
2016,11/15/2016,CLADOCERA,5.752756335,60.177131807,5.752756335e-6,6.0177131807000003e-5,0.060177131807,2.046022481438,20460.22481438
2016,11/15/2016,COPEPODA,3.3367969148750003,78.06571140599999,3.3367969148750003e-6,7.806571140599999e-5,0.078065711406,2.6542341878039997,26542.341878039995
2016,11/15/2016,ROTIFERA,0.020533983333333332,0.98681632,2.053398333333333e-8,9.8681632e-7,9.8681632e-4,0.03355175488,335.5175488
2016,3/1/2016,CLADOCERA,7.9336166294999995,8.885650625,7.933616629499999e-6,8.885650625e-6,0.008885650625,0.30211212125,3021.1212124999997
2016,3/1/2016,COPEPODA,3.879994185,75.11792803,3.8799941850000005e-6,7.511792803000001e-5,0.07511792803,2.55400955302,25540.0955302
2016,3/1/2016,ROTIFERA,0.0286966,0.28138488,2.86966e-8,2.8138488e-7,2.8138488000000004e-4,0.009567085920000001,95.67085920000001
2016,4/27/2016,CLADOCERA,6.623189252333333,9.46324781,6.623189252333333e-6,9.46324781e-6,0.00946324781,0.32175042554,3217.5042553999997
2016,4/27/2016,COPEPODA,3.594816718,51.985411294,3.594816718e-6,5.1985411294e-5,0.051985411294,1.767503983996,17675.039839959998
2016,4/27/2016,ROTIFERA,0.09375478500000001,1.0765855579999999,9.375478500000001e-8,1.076585558e-6,0.0010765855579999999,0.03660390897199999,366.0390897199999
2016,5/26/2016,CLADOCERA,6.623189252333333,69.705670372,6.623189252333333e-6,6.9705670372e-5,0.069705670372,2.369992792648,23699.92792648
2016,5/26/2016,COPEPODA,3.4333434655,98.39692962,3.4333434655e-6,9.839692962e-5,0.09839692961999999,3.3454956070799997,33454.9560708
2016,5/26/2016,ROTIFERA,0.078361260625,11.120048358,7.8361260625e-8,1.1120048358e-5,0.011120048358,0.378081644172,3780.81644172
2016,6/23/2016,CLADOCERA,5.752756335,76.68131671399999,5.752756335e-6,7.668131671399999e-5,0.07668131671399998,2.6071647682759993,26071.64768275999
2016,6/23/2016,COPEPODA,3.926775128777778,75.343424013,3.926775128777778e-6,7.5343424013e-5,0.07534342401300001,2.5616764164420003,25616.76416442
2016,6/23/2016,ROTIFERA,0.080645878,10.979430353,8.0645878e-8,1.0979430352999999e-5,0.010979430352999999,0.373300632002,3733.0063200199997
2016,7/22/2016,CLADOCERA,4.355622978666666,10.494078833,4.355622978666666e-6,1.0494078833e-5,0.010494078833,0.35679868032199996,3567.9868032199993
2016,7/22/2016,COPEPODA,3.0905366675,61.129415455,3.0905366674999998e-6,6.1129415455e-5,0.061129415454999995,2.07840012547,20784.001254699997
2016,7/22/2016,ROTIFERA,0.05930604875,6.494622966,5.930604875e-8,6.494622965999999e-6,0.006494622965999999,0.22081718084399996,2208.1718084399995
2016,8/19/2016,CLADOCERA,5.1967494034,54.667849616,5.1967494034e-6,5.4667849616e-5,0.054667849616,1.858706886944,18587.068869439998
2016,8/19/2016,COPEPODA,3.347322126875,80.224116812,3.347322126875e-6,8.022411681200001e-5,0.08022411681200001,2.727619971608,27276.19971608
2016,8/19/2016,ROTIFERA,0.062387900952380955,4.198699215,6.238790095238096e-8,4.198699215e-6,0.004198699215000001,0.14275577331000003,1427.5577331000002
2016,9/15/2016,CLADOCERA,5.1967494034,25.495242123,5.1967494034e-6,2.5495242123e-5,0.025495242123,0.8668382321820001,8668.38232182
2016,9/15/2016,COPEPODA,2.9406686407500002,89.678473181,2.94066864075e-6,8.9678473181e-5,0.089678473181,3.049068088154,30490.68088154
2016,9/15/2016,ROTIFERA,0.022119916666666666,1.07483166,2.2119916666666667e-8,1.0748316600000001e-6,0.0010748316600000002,0.03654427644000001,365.4427644000001
2017,10/5/2017,CLADOCERA,5.4026719676,96.695240046,5.4026719676e-6,9.6695240046e-5,0.096695240046,3.287638161564,32876.38161564
2017,10/5/2017,COPEPODA,2.4075323298,49.480140858,2.4075323298e-6,4.9480140858e-5,0.049480140858,1.6823247891720001,16823.24789172
2017,10/5/2017,ROTIFERA,0.061266601052631584,6.908939167,6.126660105263158e-8,6.9089391669999995e-6,0.006908939166999999,0.23490393167799997,2349.03931678
2017,11/14/2017,CLADOCERA,5.752756335,54.647940305,5.752756335e-6,5.4647940305e-5,0.054647940305,1.85802997037,18580.2997037
2017,11/14/2017,COPEPODA,3.4383425880000003,83.80483202399999,3.438342588e-6,8.380483202399999e-5,0.08380483202399999,2.8493642888159996,28493.642888159993
2017,11/14/2017,ROTIFERA,0.014539035714285714,1.3975339,1.4539035714285714e-8,1.3975339e-6,0.0013975339,0.0475161526,475.161526
2017,2/13/2017,CLADOCERA,4.355622978666666,11.614732493,4.355622978666666e-6,1.1614732493e-5,0.011614732493000001,0.394900904762,3949.00904762
2017,2/13/2017,COPEPODA,3.7544614414,51.537901224,3.7544614414000003e-6,5.1537901224e-5,0.051537901224,1.7522886416160002,17522.88641616
2017,2/13/2017,ROTIFERA,0.025715208333333333,0.7461629,2.571520833333333e-8,7.461628999999999e-7,7.461629e-4,0.025369538599999998,253.69538599999996
2017,4/21/2017,CLADOCERA,4.5322672189999995,13.368446886,4.5322672189999996e-6,1.3368446886e-5,0.013368446886,0.454527194124,4545.27194124
2017,4/21/2017,COPEPODA,3.3367969148750003,45.229707844000004,3.3367969148750003e-6,4.5229707844000004e-5,0.045229707844,1.5378100666960002,15378.100666960001
2017,4/21/2017,ROTIFERA,0.024599035714285712,1.64594276,2.459903571428571e-8,1.64594276e-6,0.00164594276,0.055962053840000005,559.6205384
2017,5/19/2017,CLADOCERA,4.6529926779999995,21.541098146,4.652992677999999e-6,2.1541098146e-5,0.021541098146000002,0.7323973369640001,7323.973369640001
2017,5/19/2017,COPEPODA,3.407484465714286,81.410498671,3.407484465714286e-6,8.1410498671e-5,0.08141049867099999,2.7679569548139997,27679.569548139996
2017,5/19/2017,ROTIFERA,0.07954040125,25.289151359999998,7.954040125000001e-8,2.5289151359999998e-5,0.025289151359999998,0.8598311462399999,8598.311462399999
2017,6/16/2017,CLADOCERA,5.4871780695,172.218884028,5.4871780695e-6,1.72218884028e-4,0.172218884028,5.8554420569520005,58554.42056952
2017,6/16/2017,COPEPODA,2.5902823107142856,120.842110953,2.5902823107142855e-6,1.2084211095300001e-4,0.12084211095300001,4.108631772402001,41086.31772402001
2017,6/16/2017,ROTIFERA,0.023645875,3.94733185,2.3645875e-8,3.94733185e-6,0.003947331849999999,0.13420928289999998,1342.0928289999997
2017,7/13/2017,CLADOCERA,3.4705190246666664,30.109299347,3.4705190246666662e-06,3.0109299347e-5,0.030109299347,1.023716177798,10237.16177798
2017,7/13/2017,COPEPODA,3.336767498,102.560845288,3.336767498e-6,1.0256084528799999e-4,0.102560845288,3.487068739792,34870.687397919995
2017,7/13/2017,ROTIFERA,0.065793565,2.224662955,6.5793565e-8,2.224662955e-6,0.002224662955,0.07563854047,756.3854047
2017,8/10/2017,CLADOCERA,3.5718960405,3.7594780290000003,3.5718960405e-6,3.7594780290000004e-6,0.0037594780290000004,0.12782225298600003,1278.2225298600001
2017,8/10/2017,COPEPODA,2.5902823107142856,67.5568445,2.5902823107142855e-6,6.75568445e-5,0.0675568445,2.2969327130000003,22969.32713
2017,8/10/2017,ROTIFERA,0.029999859375,7.44816114,2.9999859375e-8,7.44816114e-6,0.00744816114,0.25323747876,2532.3747876
2017,9/8/2017,CLADOCERA,3.5718960405,2.000261782,3.5718960405e-6,2.0002617819999998e-6,0.0020002617819999996,0.06800890058799999,680.08900588
2017,9/8/2017,COPEPODA,2.4075323298,28.848179157,2.4075323298e-6,2.8848179157e-5,0.028848179157,0.980838091338,9808.38091338
2017,9/8/2017,ROTIFERA,0.061396846000000005,3.692244976,6.1396846e-8,3.692244976e-6,0.003692244976,0.12553632918399998,1255.3632918399999
2018,10/4/2018,CLADOCERA,5.49535312975,57.020155648999996,5.49535312975e-6,5.7020155648999995e-5,0.057020155648999996,1.9386852920659998,19386.852920659996
2018,10/4/2018,COPEPODA,2.9406686407500002,97.348168982,2.94066864075e-6,9.7348168982e-5,0.097348168982,3.3098377453879997,33098.37745387999
2018,10/4/2018,ROTIFERA,0.015234453125,1.45082945,1.5234453125e-8,1.45082945e-6,0.00145082945,0.0493282013,493.28201299999995
2018,11/14/2018,CLADOCERA,6.542806993499999,124.29670947,6.542806993499999e-6,1.2429670947e-4,0.12429670947,4.22608812198,42260.8812198
2018,11/14/2018,COPEPODA,3.6888815194444446,108.54009126300001,3.6888815194444445e-6,1.08540091263e-4,0.108540091263,3.690363102942,36903.631029419994
2018,11/14/2018,ROTIFERA,0.01687431818181818,1.5868265,1.687431818181818e-8,1.5868265e-6,0.0015868265,0.053952100999999995,539.5210099999999
2018,2/21/2018,CLADOCERA,5.752756335,26.697176067,5.752756335e-6,2.6697176067e-5,0.026697176067000002,0.9077039862780001,9077.03986278
2018,2/21/2018,COPEPODA,2.5328029826000003,39.644549607,2.5328029826e-6,3.9644549607e-5,0.039644549607,1.347914686638,13479.14686638
2018,2/21/2018,ROTIFERA,0.08768626307692308,0.854953378,8.768626307692308e-8,8.54953378e-7,8.54953378e-4,0.029068414852,290.68414851999995
2018,5/17/2018,CLADOCERA,4.642581950333333,28.283921705999997,4.642581950333333e-6,2.8283921705999996e-5,0.028283921705999995,0.9616533380039998,9616.533380039997
2018,5/17/2018,COPEPODA,2.584333162,27.63830999,2.584333162e-6,2.763830999e-5,0.02763830999,0.93970253966,9397.025396599998
2018,5/17/2018,ROTIFERA,0.11998010222222223,2.228495853,1.1998010222222224e-7,2.228495853e-6,0.002228495853,0.075768859002,757.68859002
2018,6/14/2018,CLADOCERA,4.5322672189999995,48.196138786,4.5322672189999996e-6,4.8196138785999997e-5,0.048196138785999994,1.6386687187239999,16386.687187239997
2018,6/14/2018,COPEPODA,2.4075323298,82.722807559,2.4075323298e-6,8.2722807559e-5,0.08272280755900001,2.8125754570060004,28125.754570060002
2018,6/14/2018,ROTIFERA,0.07589470117647058,12.090422064,7.589470117647059e-8,1.2090422064e-5,0.012090422064000001,0.411074350176,4110.74350176
2018,7/12/2018,CLADOCERA,4.012418705,96.84880516,4.012418705e-6,9.684880516e-5,0.09684880516,3.29285937544,32928.5937544
2018,7/12/2018,COPEPODA,3.336767498,110.215220291,3.336767498e-6,1.1021522029099999e-4,0.11021522029099999,3.747317489894,37473.17489893999
2018,7/12/2018,ROTIFERA,0.08178787,10.391636864,8.178787e-8,1.0391636864e-5,0.010391636864000001,0.353315653376,3533.15653376
2018,8/9/2018,CLADOCERA,5.534853299,51.49397861,5.534853299e-6,5.149397861e-5,0.05149397861,1.75079527274,17507.9527274
2018,8/9/2018,COPEPODA,3.1136500674285714,92.67036498099999,3.1136500674285713e-6,9.267036498099999e-5,0.092670364981,3.1507924093539996,31507.924093539994
2018,8/9/2018,ROTIFERA,0.0787891825,3.497582906,7.87891825e-8,3.497582906e-6,0.003497582906,0.11891781880399999,1189.17818804
2018,9/7/2018,CLADOCERA,6.542806993499999,31.51398143,6.542806993499999e-6,3.151398143e-5,0.03151398143,1.0714753686199998,10714.753686199998
2018,9/7/2018,COPEPODA,3.079691816375,91.28167474,3.079691816375e-6,9.128167473999999e-5,0.09128167474,3.10357694116,31035.7694116
2018,9/7/2018,ROTIFERA,0.0679300842631579,3.4756173919999998,6.79300842631579e-8,3.475617392e-6,0.0034756173919999996,0.11817099132799999,1181.70991328
2019,10/24/2019,CLADOCERA,6.336230280666666,50.176076139,6.336230280666667e-6,5.0176076139e-5,0.050176076139,1.705986588726,17059.86588726
2019,10/24/2019,COPEPODA,3.6888815194444446,105.805694581,3.6888815194444445e-6,1.05805694581e-4,0.10580569458099999,3.5973936157539996,35973.936157539996
2019,10/24/2019,ROTIFERA,0.022230265625,1.0220287,2.2230265625e-8,1.0220286999999998e-6,0.0010220287,0.0347489758,347.48975799999994
2019,11/18/2019,CLADOCERA,5.695982828333333,26.909435987000002,5.695982828333333e-6,2.6909435987e-5,0.026909435987,0.9149208235580001,9149.208235580001
2019,11/18/2019,COPEPODA,3.3488635502857145,104.533191781,3.3488635502857143e-6,1.04533191781e-4,0.104533191781,3.554128520554,35541.28520554
2019,11/18/2019,ROTIFERA,0.07172230411764706,1.925896235,7.172230411764706e-8,1.925896235e-6,0.001925896235,0.06548047199,654.8047198999999
2019,2/21/2019,CLADOCERA,3.141457583,8.796081232,3.1414575830000003e-6,8.796081232e-6,0.008796081232,0.29906676188799997,2990.6676188799997
2019,2/21/2019,COPEPODA,2.5328029826000003,32.065075294,2.5328029826e-6,3.2065075294000004e-5,0.032065075294,1.0902125599960002,10902.125599960002
2019,2/21/2019,ROTIFERA,0.08420715125,3.864741401,8.420715125e-8,3.864741401e-6,0.0038647414010000002,0.131401207634,1314.01207634
2019,5/10/2019,COPEPODA,3.4333434655,40.232343097,3.4333434655e-6,4.0232343097e-5,0.040232343097,1.367899665298,13678.996652979999
2019,5/10/2019,ROTIFERA,0.02518740625,3.2729939999999997,2.518740625e-8,3.2729939999999997e-6,0.0032729939999999996,0.11128179599999999,1112.8179599999999
2019,6/6/2019,CLADOCERA,4.001722593,6.482191086,4.001722593e-6,6.4821910860000004e-6,0.0064821910860000005,0.220394496924,2203.94496924
2019,6/6/2019,COPEPODA,2.4075323298,137.575167278,2.4075323298e-6,1.3757516727800001e-4,0.137575167278,4.677555687452,46775.55687452
2019,6/6/2019,ROTIFERA,0.07920465125000001,25.44808829,7.920465125e-8,2.544808829e-5,0.02544808829,0.86523500186,8652.3500186
2019,7/3/2019,CLADOCERA,5.182344734166667,137.056193068,5.182344734166667e-6,1.37056193068e-4,0.137056193068,4.659910564312,46599.10564312
2019,7/3/2019,COPEPODA,3.079691816375,113.529171044,3.079691816375e-6,1.13529171044e-4,0.113529171044,3.859991815496,38599.918154959996
2019,7/3/2019,ROTIFERA,0.081428428,5.7900029879999995,8.1428428e-8,5.790002988e-6,0.005790002988,0.19686010159200001,1968.60101592
2019,8/1/2019,CLADOCERA,4.866684297428571,78.83279424199999,4.866684297428571e-6,7.883279424199999e-5,0.07883279424199999,2.6803150042279995,26803.150042279995
2019,8/1/2019,COPEPODA,3.079691816375,81.711231101,3.079691816375e-6,8.1711231101e-5,0.081711231101,2.778181857434,27781.818574339995
2019,8/1/2019,ROTIFERA,0.016364729166666668,1.9740206500000002,1.6364729166666667e-8,1.9740206500000002e-6,0.0019740206500000004,0.06711670210000001,671.1670210000001
2019,8/29/2019,CLADOCERA,4.749589275,26.390491418,4.7495892749999995e-6,2.6390491417999998e-5,0.026390491417999998,0.8972767082119999,8972.767082119999
2019,8/29/2019,COPEPODA,3.079691816375,69.109483711,3.079691816375e-6,6.9109483711e-5,0.069109483711,2.349722446174,23497.224461739996
2019,8/29/2019,ROTIFERA,0.025573878294117648,2.7283570040000003,2.5573878294117648e-8,2.7283570040000003e-6,0.0027283570040000002,0.09276413813600001,927.6413813600001
2019,9/26/2019,CLADOCERA,5.752756335,40.641365696,5.752756335e-6,4.0641365696000005e-5,0.040641365696000006,1.3818064336640001,13818.06433664
2019,9/26/2019,COPEPODA,2.896145522714286,93.001420682,2.896145522714286e-6,9.3001420682e-5,0.093001420682,3.162048303188,31620.483031879998
2019,9/26/2019,ROTIFERA,0.07080483789473685,8.01770529,7.080483789473685e-8,8.01770529e-6,0.00801770529,0.27260197986,2726.0197986
